title,url
"OptiSol - Web, Mobile, Enterprises Suites, Artificial intelligence, Machine Learning Services",https://www.optisolbusiness.com
About OptiSol - Offshore Software Application Development Company India,https://www.optisolbusiness.com/about
Engagement Approach,https://www.optisolbusiness.com/about/engagement-approach
FAQ - OptiSol,https://www.optisolbusiness.com/about/faq
Services - Optisol,https://www.optisolbusiness.com/services
Custom Web Application Development Services | Enterprise Web Mobile App Development,https://www.optisolbusiness.com/services/web-application
Mobile Application Development Services | iOS Android App Development Company in USA | UK,https://www.optisolbusiness.com/services/mobile
Enterprise Suite Services | Enterprise Application Development | SSRS BI Experts,https://www.optisolbusiness.com/services/enterprise-suites
Unnamed,https://www.optisolbusiness.com/services/user-experience-engineering
Quality Engineering Services | Test Automation Services | Software Testing,https://www.optisolbusiness.com/services/quality-engineering-services
Platforms - OptiSol,https://www.optisolbusiness.com/platforms
Logitrack - Location Based Services | Geofencing | Geotracking,https://www.optisolbusiness.com/location-based-services
Optistream - Live Streaming & Recording Platform,https://www.optisolbusiness.com/platform-optistream
Fintech Software Development Services by Optisol,https://www.optisolbusiness.com/platform-fintech-accelerators
On-Demand Services | Best App Development,https://www.optisolbusiness.com/on-demand-services
Chatbots | Conv-Bot an AI Platform for Startup and Enterprises,https://www.optisolbusiness.com/platform-conversational-bots
Enterprise Technology Services & Solutions - Optisol,https://www.optisolbusiness.com/technologies
Industries We Serve With Our Digital services | Tech Solution for Industries,https://www.optisolbusiness.com/industries
Login,https://www.optisolbusiness.com/industries/e-commerce-retail
Login,https://www.optisolbusiness.com/industries/e-learning-education
Sign Up,https://www.optisolbusiness.com/industries/npo-government
Profile,https://www.optisolbusiness.com/industries/financial-services
"Leading Health care & Life science Web, Mobile app development Services | IOT Integeration services",https://www.optisolbusiness.com/industries/healthcare-life-science
Web and Mobile Application Development for Media and Entertainment Industries,https://www.optisolbusiness.com/industries/media-entertainment
Industries - Sports - OptiSol,https://www.optisolbusiness.com/industries/sports
Web and Mobile Application Development for Transportation & Logistics Industries,https://www.optisolbusiness.com/industries/transportation-logistics
Web and Mobile Application Development for Manufacturing & Energy Industries,https://www.optisolbusiness.com/industries/manufacturing-energy
Web and Mobile App development for Hospitality and Foodtech industries,https://www.optisolbusiness.com/industries/hospitality-food-technology
Home - OptiSol,https://www.optisolbusiness.com/portfolio
Portfolio - Converse Mobile App for Contruction Industry,https://www.optisolbusiness.com/portfolio/converse-mobile-app
Portfolio Crowdsprint,https://www.optisolbusiness.com/portfolio/revit-crowdsprint-webapp
DHL - UIpath | RPA | Machine Learning and Artificial Intelligence Services,https://www.optisolbusiness.com/portfolio/dhl-ai-ml
Portfolio Fetch39,https://www.optisolbusiness.com/portfolio/fetch39-lbs-mobile-app
Portfolio - Fulcrum Mobile App for Contruction Industry,https://www.optisolbusiness.com/portfolio/fulcrum-construction-mobile-app
Portfolio Henkel,https://www.optisolbusiness.com/portfolio/henkel-rd-web-app
Portfolio Littlescribe Web,https://www.optisolbusiness.com/portfolio/littlescribe-web-app
Portfolio Lovely Childcare,https://www.optisolbusiness.com/portfolio/lovely-childcare-web-app
Portfolio Lovely Childcare,https://www.optisolbusiness.com/portfolio/pih-oracle-hrms-mobile-app
Portfolio SkyNet Rider App,https://www.optisolbusiness.com/portfolio/skynet-rider-mobile-app
Portfolio SwMR,https://www.optisolbusiness.com/portfolio/swmr-salesforce-mobile-app
Portfolio Tea or Coffee,https://www.optisolbusiness.com/portfolio/tea-or-coffee-startup-mobile-app
Portfolio US Ecology Web,https://www.optisolbusiness.com/portfolio/us-ecology-web-app
Portfolio USEC Rapid,https://www.optisolbusiness.com/portfolio/usec-rapid-ax-mobile-app
"OptiSol - Web, Mobile, Enterprises Suites, Artificial intelligence, Machine Learning Services",https://www.optisolbusiness.com/#digitalfootprints
Join with our Web and Mobile Software Development Team - OptiSol Business Solutions,https://www.optisolbusiness.com/join-with-us
Technology Insights - Latest Tech Trends - Optisol Business Solutions,https://www.optisolbusiness.com/insight
Vlog - OptiSol,https://www.optisolbusiness.com/vlog
"Web Mobile App Development, Artificial Intelligence Company in USA | UK | Australia",https://www.optisolbusiness.com/contact
OptiSol Business Solutions gets accolades for Cloud Solutions at the Express IT Awards 2019,https://www.optisolbusiness.com/insight/optisol-business-solutions-gets-accolades-for-cloud-solutions-at-the-express-it-awards-2019
JavaScript development services - Optisol,https://www.optisolbusiness.com/web-technologies-javascript
Dot NET Development Company |Dot NET Application Development Services,https://www.optisolbusiness.com/web-technologies-microsoft
Python Web Development Services - Optisol,https://www.optisolbusiness.com/web-technologies-python
PHP Web Development Services |PHP Web Application Development,https://www.optisolbusiness.com/web-technologies-php
Java Development Company | Java Development Services,https://www.optisolbusiness.com/web-technologies-java
Web Scraping For Physician Review | Data Scraping Using Selenium and Scrapy,https://www.optisolbusiness.com/insight/web-scraping-for-physician-review
COVID-19 Analysis in India - OptiSol Datalabs,https://www.optisolbusiness.com/insight/covid-19-analysis-in-india
Top 5 Best Automation Testing Tools In 2021 - OptiSol,https://www.optisolbusiness.com/insight/top-5-best-automation-testing-tools-in-2021
Top Benefits Of Cloud Computing Using AI (Artificial Intelligence),https://www.optisolbusiness.com/insight/top-benefits-of-cloud-computing-using-ai-artificial-intelligence
Top 5 Automation Testing Service Providers In UK | Top Automation Testing Companies In UK,https://www.optisolbusiness.com/insight/top-5-automation-testing-service-provider-companies-in-uk
